<?xml version="1.0" encoding="UTF-8"?>
<project-private xmlns="http://www.netbeans.org/ns/project-private/1">
    <editor-bookmarks xmlns="http://www.netbeans.org/ns/editor-bookmarks/2" lastBookmarkId="0"/>
    <open-files xmlns="http://www.netbeans.org/ns/projectui-open-files/2">
        <group>
            <file>file:/C:/Users/Won%20Wolf/Desktop/Lab211-done/J1.S.P0070/src/mock/Data.java</file>
            <file>file:/C:/Users/Won%20Wolf/Desktop/Lab211-done/J1.S.P0070/src/main/Main.java</file>
        </group>
    </open-files>
</project-private>
